"hzb-s3-to-gcs",".DS_Store","","false","false","10244","2022-01-20T14:45:11.000Z","STANDARD","false","","DISABLED"
"hzb-s3-to-gcs",".DS_Store","H2J7my5Qg6s2EeeeckmyY.K2zC84ITQZ","true","false","10244","2022-01-22T03:16:51.000Z","STANDARD","false","","DISABLED"
"hzb-s3-to-gcs",".DS_Store","1wCNh5rDexWSnWx6nooG4o3sebFb1Roz","false","true","","2022-01-22T03:15:00.000Z","","","","DISABLED"
"hzb-s3-to-gcs","Jun-01-2021%2010-50-10.gif","","false","false","31708504","2022-01-20T14:45:12.000Z","STANDARD","true","","DISABLED"
"hzb-s3-to-gcs","Jun-01-2021%2010-50-10.gif","gTgv.VH8LVje2mFJfCXWm7bCJer4iohG","true","false","31708504","2022-01-22T03:17:19.000Z","STANDARD","true","","DISABLED"
"hzb-s3-to-gcs","Jun-01-2021%2010-50-10.gif","ylT1m2jPWhxhUVMKNW7oxP1RlgwroH_U","false","true","","2022-01-22T03:15:00.000Z","","","","DISABLED"
"hzb-s3-to-gcs","driver%20license.jpg.pdf","","false","false","157921","2022-01-21T02:59:16.000Z","STANDARD","false","","DISABLED"
"hzb-s3-to-gcs","driver%20license.jpg.pdf","K_K8fPMfIbX1rIK9zF2yFr85cInJ58uM","true","true","","2022-01-22T03:15:00.000Z","","","","DISABLED"
"hzb-s3-to-gcs","driver-license.jpg","n_ICK8GV4oXIjP2Om_47bkvXPHp8T.Q5","true","true","","2022-01-22T03:15:00.000Z","","","","DISABLED"
"hzb-s3-to-gcs","driver-license.jpg","c_Bfv7ATaYzDo12h2G4IX0pQAEMJY2bj","false","false","153906","2022-01-21T14:20:49.000Z","STANDARD","false","","DISABLED"
"hzb-s3-to-gcs","inventory-report//hzb-s3-to-gcs/fulllist/2022-01-21T00-00Z/manifest.checksum","HjEexUIj.uQ_oytoBzzSOLVuFn.2td4Q","true","true","","2022-01-22T03:14:59.000Z","","","","DISABLED"
"hzb-s3-to-gcs","inventory-report//hzb-s3-to-gcs/fulllist/2022-01-21T00-00Z/manifest.checksum","5nJmTwS8cY4KMQ3k5pfSGn_fipY3uiA2","false","false","33","2022-01-22T03:07:31.000Z","STANDARD","false","","DISABLED"
"hzb-s3-to-gcs","inventory-report//hzb-s3-to-gcs/fulllist/2022-01-21T00-00Z/manifest.json","umPnR_K4m6rCQI_htVHmU8W2uE0Hh3m.","true","true","","2022-01-22T03:14:59.000Z","","","","DISABLED"
"hzb-s3-to-gcs","inventory-report//hzb-s3-to-gcs/fulllist/2022-01-21T00-00Z/manifest.json","Fn5RHLRLuBPKitK1JP_BDb1GvaiBE.jS","false","false","474","2022-01-22T03:07:31.000Z","STANDARD","false","","DISABLED"
"hzb-s3-to-gcs","inventory-report//hzb-s3-to-gcs/fulllist/data/","r_7F7zPbFTiHXPE9TQ5OUbyZEJGBDBo3","true","true","","2022-01-22T03:14:59.000Z","","","","DISABLED"
"hzb-s3-to-gcs","inventory-report//hzb-s3-to-gcs/fulllist/data/","zQuILDzH2yAUui57RYSoHOKanGWC67sT","false","false","0","2022-01-22T02:34:47.000Z","STANDARD","false","","DISABLED"
"hzb-s3-to-gcs","inventory-report//hzb-s3-to-gcs/fulllist/data/100d1715-07a0-46c8-b61c-82310860011e.csv.gz","7EZaKQtfQXrv5p2X3k24iuHDc8fH2Jk9","true","true","","2022-01-22T03:14:59.000Z","","","","DISABLED"
"hzb-s3-to-gcs","inventory-report//hzb-s3-to-gcs/fulllist/data/100d1715-07a0-46c8-b61c-82310860011e.csv.gz","rV_mtbq5BJtysvIAQvmy5VzLFa066pB6","false","false","446","2022-01-22T02:44:44.000Z","STANDARD","false","","DISABLED"
"hzb-s3-to-gcs","inventory-report//hzb-s3-to-gcs/fulllist/hive/dt%3D2022-01-21-00-00/symlink.txt","eB9QU9ib0Ooi_iqJ3Htuioj5ckai4oCv","true","true","","2022-01-22T03:14:59.000Z","","","","DISABLED"
"hzb-s3-to-gcs","inventory-report//hzb-s3-to-gcs/fulllist/hive/dt%3D2022-01-21-00-00/symlink.txt","FJNb4qBSIRD91p5_gSk2oMXbdDW1vRHv","false","false","108","2022-01-22T03:07:31.000Z","STANDARD","false","","DISABLED"
"hzb-s3-to-gcs","s3_download-t.zip","","false","false","20489367","2022-01-20T14:45:11.000Z","STANDARD","true","","DISABLED"
"hzb-s3-to-gcs","s3_download-t.zip","7AGNkJrDSY5kAp6M7ipEwvoEqKcmXcNI","true","false","20489367","2022-01-22T03:17:20.000Z","STANDARD","true","","DISABLED"
"hzb-s3-to-gcs","s3_download-t.zip","uzDQ6VC.mA1lta_VWstC__eo4RdM8Ck5","false","true","","2022-01-22T03:15:00.000Z","","","","DISABLED"
"hzb-s3-to-gcs","s3_upload.zip","","false","false","19629389","2022-01-20T14:45:11.000Z","STANDARD","true","","DISABLED"
"hzb-s3-to-gcs","s3_upload.zip","cHZvn5AU4Fr4kNEjBxidA3HJpAG0K2mm","true","false","19629389","2022-01-22T03:17:21.000Z","STANDARD","true","","DISABLED"
"hzb-s3-to-gcs","s3_upload.zip","pAojqHYWxsX0.ceAk.ePw5h4G_3N2rrB","false","true","","2022-01-22T03:15:00.000Z","","","","DISABLED"
"hzb-s3-to-gcs","seg/file1","","false","false","19","2022-01-20T14:46:23.000Z","STANDARD","false","","DISABLED"
"hzb-s3-to-gcs","seg/file1","otWCq6QsYsoB6hEb19jENhHeDJxYsLd1","true","false","19","2022-01-22T03:18:49.000Z","STANDARD","false","","DISABLED"
"hzb-s3-to-gcs","seg/file1","5FjFFQMlQh4ofhCYm6ugnaXKjOf84_mx","false","true","","2022-01-22T03:14:59.000Z","","","","DISABLED"
"hzb-s3-to-gcs","seg/file2","","false","false","19","2022-01-20T14:46:23.000Z","STANDARD","false","","DISABLED"
"hzb-s3-to-gcs","seg/file2","FTR4d0wpOvkRSeUjhMdvy3Ine8lVs3Zf","true","false","19","2022-01-22T03:18:49.000Z","STANDARD","false","","DISABLED"
"hzb-s3-to-gcs","seg/file2","JjaGZW3q7JNh7HVTcLk8yWTMvxHJAH1V","false","true","","2022-01-22T03:14:59.000Z","","","","DISABLED"
"hzb-s3-to-gcs","seg/file2%20copy","","false","false","19","2022-01-20T14:46:23.000Z","STANDARD","false","","DISABLED"
"hzb-s3-to-gcs","seg/file2%20copy","nsjtk00DROwLvxdqdDHHzP6bHTgZUZsX","true","false","19","2022-01-22T03:18:50.000Z","STANDARD","false","","DISABLED"
"hzb-s3-to-gcs","seg/file2%20copy",".7mSmqLOZz9NDS.he4Vgxi75zgRfUbj6","false","true","","2022-01-22T03:14:59.000Z","","","","DISABLED"
"hzb-s3-to-gcs","seg/file2%20copy%2010","","false","false","19","2022-01-20T14:46:24.000Z","STANDARD","false","","DISABLED"
"hzb-s3-to-gcs","seg/file2%20copy%2010","5VREpoJZUMk6mSW3I7THDTPtvvWyjwxU","true","false","19","2022-01-22T03:18:50.000Z","STANDARD","false","","DISABLED"
"hzb-s3-to-gcs","seg/file2%20copy%2010","LZTQD.jQsBzRx1d1kTkEmabvV7s9x6oU","false","true","","2022-01-22T03:14:59.000Z","","","","DISABLED"
"hzb-s3-to-gcs","seg/file2%20copy%2011","","false","false","19","2022-01-20T14:46:24.000Z","STANDARD","false","","DISABLED"
"hzb-s3-to-gcs","seg/file2%20copy%2011",".WURoQSCblbn.audW8uP.1L9wzFApRLw","true","false","19","2022-01-22T03:18:50.000Z","STANDARD","false","","DISABLED"
"hzb-s3-to-gcs","seg/file2%20copy%2011","6CbU_nLP1ocayxv1NW3hnAdKWokn3d5w","false","true","","2022-01-22T03:14:59.000Z","","","","DISABLED"
"hzb-s3-to-gcs","seg/file2%20copy%2012","","false","false","19","2022-01-20T14:46:25.000Z","STANDARD","false","","DISABLED"
"hzb-s3-to-gcs","seg/file2%20copy%2012","2.OEgU7PfTu5ENbyH839uhMsL_EpAlAP","true","false","19","2022-01-22T03:18:51.000Z","STANDARD","false","","DISABLED"
"hzb-s3-to-gcs","seg/file2%20copy%2012","LU_OcjtUW0SQYbFhEm1JpTbikG7Dh70s","false","true","","2022-01-22T03:14:59.000Z","","","","DISABLED"
"hzb-s3-to-gcs","seg/file2%20copy%2013","","false","false","19","2022-01-20T14:46:25.000Z","STANDARD","false","","DISABLED"
"hzb-s3-to-gcs","seg/file2%20copy%2013","Sjl8oJCpJmNPVQKIbtcoZtHopijaDh2z","true","false","19","2022-01-22T03:18:51.000Z","STANDARD","false","","DISABLED"
"hzb-s3-to-gcs","seg/file2%20copy%2013","GfqkDpFxxqIfnpx6I2R31SLRJ8UXjrO9","false","true","","2022-01-22T03:14:59.000Z","","","","DISABLED"
"hzb-s3-to-gcs","seg/file2%20copy%2014","","false","false","19","2022-01-20T14:46:25.000Z","STANDARD","false","","DISABLED"
"hzb-s3-to-gcs","seg/file2%20copy%2014","VLyUDtb1tlplvxWezFyH.jmRgA2hAdSP","true","false","19","2022-01-22T03:18:52.000Z","STANDARD","false","","DISABLED"
"hzb-s3-to-gcs","seg/file2%20copy%2014","PZ58WXkGJ2jioaVhVGDvsL8JAuARMg48","false","true","","2022-01-22T03:14:59.000Z","","","","DISABLED"
"hzb-s3-to-gcs","seg/file2%20copy%2015","","false","false","19","2022-01-20T14:46:25.000Z","STANDARD","false","","DISABLED"
"hzb-s3-to-gcs","seg/file2%20copy%2015","M_q4QteR2xr_g67AKI8Uxh2aTy0_K8Fv","true","false","19","2022-01-22T03:18:52.000Z","STANDARD","false","","DISABLED"
"hzb-s3-to-gcs","seg/file2%20copy%2015","xQZVsAGJwtE2CbxZqArJvwerUpad.NZt","false","true","","2022-01-22T03:14:59.000Z","","","","DISABLED"
"hzb-s3-to-gcs","seg/file2%20copy%2016","","false","false","19","2022-01-20T14:46:26.000Z","STANDARD","false","","DISABLED"
"hzb-s3-to-gcs","seg/file2%20copy%2016","R_SVTbTn_l8oGa0caXxrfe4ojpsNyX4t","true","false","19","2022-01-22T03:18:52.000Z","STANDARD","false","","DISABLED"
"hzb-s3-to-gcs","seg/file2%20copy%2016","kuZff2h_Q8zuh4tCt7l2CiQ0pJHCVh3t","false","true","","2022-01-22T03:14:59.000Z","","","","DISABLED"
"hzb-s3-to-gcs","seg/file2%20copy%2017","","false","false","19","2022-01-20T14:46:26.000Z","STANDARD","false","","DISABLED"
"hzb-s3-to-gcs","seg/file2%20copy%2017","0i358BS98SLJDhqGjmOHNZjErJ6yvd2p","true","false","19","2022-01-22T03:18:53.000Z","STANDARD","false","","DISABLED"
"hzb-s3-to-gcs","seg/file2%20copy%2017","GXr373c42wEwdu_uevEQI_yxmORpIlfu","false","true","","2022-01-22T03:14:59.000Z","","","","DISABLED"
"hzb-s3-to-gcs","seg/file2%20copy%2018","","false","false","19","2022-01-20T14:46:26.000Z","STANDARD","false","","DISABLED"
"hzb-s3-to-gcs","seg/file2%20copy%2018","vVQb9jr8z5q.xrvuQMArEkJh1CtRSkw6","true","false","19","2022-01-22T03:18:53.000Z","STANDARD","false","","DISABLED"
"hzb-s3-to-gcs","seg/file2%20copy%2018","7bbInV65lnSOm2h8hCrGWrE8r.EhTlry","false","true","","2022-01-22T03:14:59.000Z","","","","DISABLED"
"hzb-s3-to-gcs","seg/file2%20copy%2019","","false","false","19","2022-01-20T14:46:27.000Z","STANDARD","false","","DISABLED"
"hzb-s3-to-gcs","seg/file2%20copy%2019","0Mk5IkaC8U7znrkXmf.Eh8cI1t_.0dn1","true","false","19","2022-01-22T03:18:54.000Z","STANDARD","false","","DISABLED"
"hzb-s3-to-gcs","seg/file2%20copy%2019","YRWj9IflK4u0VWBBrXmwsdWknxue9XMS","false","true","","2022-01-22T03:14:59.000Z","","","","DISABLED"
"hzb-s3-to-gcs","seg/file2%20copy%202","","false","false","19","2022-01-20T14:46:27.000Z","STANDARD","false","","DISABLED"
"hzb-s3-to-gcs","seg/file2%20copy%202","5WNJ3VgGk5mPqlHcd8HWG8O67dzTphVf","true","false","19","2022-01-22T03:18:54.000Z","STANDARD","false","","DISABLED"
"hzb-s3-to-gcs","seg/file2%20copy%202","7kTkkWaak2xESPWNAkEFmOCf_hVDymRk","false","true","","2022-01-22T03:14:59.000Z","","","","DISABLED"
"hzb-s3-to-gcs","seg/file2%20copy%2020","","false","false","19","2022-01-20T14:46:27.000Z","STANDARD","false","","DISABLED"
"hzb-s3-to-gcs","seg/file2%20copy%2020","keIhRzWF39AmGZbkDqFsybXyYcF2UA9H","true","false","19","2022-01-22T03:18:54.000Z","STANDARD","false","","DISABLED"
"hzb-s3-to-gcs","seg/file2%20copy%2020","mkKRsfKIcwgdzN.OCff2ooTNbNFun5TG","false","true","","2022-01-22T03:14:59.000Z","","","","DISABLED"
"hzb-s3-to-gcs","seg/file2%20copy%2021","","false","false","19","2022-01-20T14:46:27.000Z","STANDARD","false","","DISABLED"
"hzb-s3-to-gcs","seg/file2%20copy%2021","kBxzjCO2y.vbtIOmryfYnY8t6YURXQgP","true","false","19","2022-01-22T03:18:55.000Z","STANDARD","false","","DISABLED"
"hzb-s3-to-gcs","seg/file2%20copy%2021","kUDpBcvsOxJ4oa5tjoRKrz0N7gUkAiKz","false","true","","2022-01-22T03:14:59.000Z","","","","DISABLED"
"hzb-s3-to-gcs","seg/file2%20copy%2022","","false","false","19","2022-01-20T14:46:28.000Z","STANDARD","false","","DISABLED"
"hzb-s3-to-gcs","seg/file2%20copy%2022","do0B6zgCD9F4Lff1Xs0bLAmNLMeUUJc0","true","false","19","2022-01-22T03:18:55.000Z","STANDARD","false","","DISABLED"
"hzb-s3-to-gcs","seg/file2%20copy%2022","rt25cs8XxYbn4JCe2w3Mt8nj8hKqlz0T","false","true","","2022-01-22T03:14:59.000Z","","","","DISABLED"
"hzb-s3-to-gcs","seg/file2%20copy%2023","","false","false","19","2022-01-20T14:46:28.000Z","STANDARD","false","","DISABLED"
"hzb-s3-to-gcs","seg/file2%20copy%2023","ib4wE93pS1xpS1Ejdg9l4kicoUCVxk9Z","true","false","19","2022-01-22T03:18:56.000Z","STANDARD","false","","DISABLED"
"hzb-s3-to-gcs","seg/file2%20copy%2023","HP8rtc2JTyM_VnvvXCeAiyh5RnJnAmFs","false","true","","2022-01-22T03:14:59.000Z","","","","DISABLED"
"hzb-s3-to-gcs","seg/file2%20copy%2024","","false","false","19","2022-01-20T14:46:28.000Z","STANDARD","false","","DISABLED"
"hzb-s3-to-gcs","seg/file2%20copy%2024","YmHGrcwBsFVALdcMzvGLw2VwNqMQMMxB","true","false","19","2022-01-22T03:18:56.000Z","STANDARD","false","","DISABLED"
"hzb-s3-to-gcs","seg/file2%20copy%2024","7nTtTdvCZIbHYfrIQwFo8lsA7lRsyuao","false","true","","2022-01-22T03:14:59.000Z","","","","DISABLED"
"hzb-s3-to-gcs","seg/file2%20copy%2025","","false","false","19","2022-01-20T14:46:28.000Z","STANDARD","false","","DISABLED"
"hzb-s3-to-gcs","seg/file2%20copy%2025","z3wAdmixpNHZjyylVf1JkhaNMmzCqGaL","true","false","19","2022-01-22T03:18:56.000Z","STANDARD","false","","DISABLED"
"hzb-s3-to-gcs","seg/file2%20copy%2025","4TSxVvYMLpooqlRe4DfVTME2el2gcsv9","false","true","","2022-01-22T03:14:59.000Z","","","","DISABLED"
"hzb-s3-to-gcs","seg/file2%20copy%2026","","false","false","19","2022-01-20T14:46:28.000Z","STANDARD","false","","DISABLED"
"hzb-s3-to-gcs","seg/file2%20copy%2026","THQhXXpZOuHF_VZFt9.WP3JlpCJ2nHQ.","true","false","19","2022-01-22T03:18:57.000Z","STANDARD","false","","DISABLED"
"hzb-s3-to-gcs","seg/file2%20copy%2026","oJKcRhYikKGAWituKJANF8kIofQUiJyJ","false","true","","2022-01-22T03:14:59.000Z","","","","DISABLED"
"hzb-s3-to-gcs","seg/file2%20copy%2027","","false","false","19","2022-01-20T14:46:29.000Z","STANDARD","false","","DISABLED"
"hzb-s3-to-gcs","seg/file2%20copy%2027","aixqf0eWiAdodI1A6xsu0uHswgbR5eFh","true","false","19","2022-01-22T03:18:57.000Z","STANDARD","false","","DISABLED"
"hzb-s3-to-gcs","seg/file2%20copy%2027","U1qzCsklg24BFYfxhRzGC21vmVsETBgm","false","true","","2022-01-22T03:14:59.000Z","","","","DISABLED"
"hzb-s3-to-gcs","seg/file2%20copy%2028","","false","false","19","2022-01-20T14:46:29.000Z","STANDARD","false","","DISABLED"
"hzb-s3-to-gcs","seg/file2%20copy%2028","ttZRY8VTBYYvWMqaMVtva1jXttz6.txs","true","false","19","2022-01-22T03:18:58.000Z","STANDARD","false","","DISABLED"
"hzb-s3-to-gcs","seg/file2%20copy%2028","Fi3G5_3JY5t.YPcqt8cpl1G0y3ZRlqcf","false","true","","2022-01-22T03:14:59.000Z","","","","DISABLED"
"hzb-s3-to-gcs","seg/file2%20copy%2029","","false","false","19","2022-01-20T14:46:29.000Z","STANDARD","false","","DISABLED"
"hzb-s3-to-gcs","seg/file2%20copy%2029","OvuYZnv9Q.pW2H2xwcTk28YpEz9tHD6V","true","false","19","2022-01-22T03:18:58.000Z","STANDARD","false","","DISABLED"
"hzb-s3-to-gcs","seg/file2%20copy%2029","G39CqzQGN2oI6S792Cqu.WhwzlpHn8Xv","false","true","","2022-01-22T03:14:59.000Z","","","","DISABLED"
"hzb-s3-to-gcs","seg/file2%20copy%203","","false","false","19","2022-01-20T14:46:29.000Z","STANDARD","false","","DISABLED"
"hzb-s3-to-gcs","seg/file2%20copy%203","9OHiybG1xsbV0Is6_uv24KHQVBiPOteg","true","false","19","2022-01-22T03:18:58.000Z","STANDARD","false","","DISABLED"
"hzb-s3-to-gcs","seg/file2%20copy%203","Nbf6jJpVsPotiT7wnCQalV5a.QuG1ZeO","false","true","","2022-01-22T03:14:59.000Z","","","","DISABLED"
"hzb-s3-to-gcs","seg/file2%20copy%2030","","false","false","19","2022-01-20T14:46:30.000Z","STANDARD","false","","DISABLED"
"hzb-s3-to-gcs","seg/file2%20copy%2030","Ijydi7RUMsjn4Id2J7al8DaKK_Q2.qde","true","false","19","2022-01-22T03:18:59.000Z","STANDARD","false","","DISABLED"
"hzb-s3-to-gcs","seg/file2%20copy%2030","kPkpjQewA.FWIQ4xSxhqnsCscLnVPZ9W","false","true","","2022-01-22T03:14:59.000Z","","","","DISABLED"
"hzb-s3-to-gcs","seg/file2%20copy%204","","false","false","19","2022-01-20T14:46:30.000Z","STANDARD","false","","DISABLED"
"hzb-s3-to-gcs","seg/file2%20copy%204","BV7XhOMRjlHnrzOKx2BR_CL2qPZ8sy6_","true","false","19","2022-01-22T03:18:59.000Z","STANDARD","false","","DISABLED"
"hzb-s3-to-gcs","seg/file2%20copy%204","1TKEsVKWMtjaxsLOsnSDk5r1akIack6I","false","true","","2022-01-22T03:14:59.000Z","","","","DISABLED"
"hzb-s3-to-gcs","seg/file2%20copy%205","","false","false","19","2022-01-20T14:46:30.000Z","STANDARD","false","","DISABLED"
"hzb-s3-to-gcs","seg/file2%20copy%205","Thj7NlC8jG_MnQIZUixZo.LpX4ZjVqUS","true","false","19","2022-01-22T03:19:00.000Z","STANDARD","false","","DISABLED"
"hzb-s3-to-gcs","seg/file2%20copy%205","xTUtnYW7kGbUdgvJo0VJGx2sh0k2DMV8","false","true","","2022-01-22T03:14:59.000Z","","","","DISABLED"
"hzb-s3-to-gcs","seg/file2%20copy%206","","false","false","19","2022-01-20T14:46:31.000Z","STANDARD","false","","DISABLED"
"hzb-s3-to-gcs","seg/file2%20copy%206","cObSe.jjGTeT.CIZDEkYsLgTSkPb2evY","true","false","19","2022-01-22T03:19:00.000Z","STANDARD","false","","DISABLED"
"hzb-s3-to-gcs","seg/file2%20copy%206","iQtW5bAyJ_VMbbTJGql2Q_gCRwBxqttp","false","true","","2022-01-22T03:14:59.000Z","","","","DISABLED"
"hzb-s3-to-gcs","seg/file2%20copy%207","","false","false","19","2022-01-20T14:46:31.000Z","STANDARD","false","","DISABLED"
"hzb-s3-to-gcs","seg/file2%20copy%207","aYqfkkNxzlkM4kfyAlnKOlUGnI2d3O9c","true","false","19","2022-01-22T03:19:00.000Z","STANDARD","false","","DISABLED"
"hzb-s3-to-gcs","seg/file2%20copy%207","2pT955Rvt9jAW61PzXBbgHh.AF7rPTXz","false","true","","2022-01-22T03:14:59.000Z","","","","DISABLED"
"hzb-s3-to-gcs","seg/file2%20copy%208","","false","false","19","2022-01-20T14:46:31.000Z","STANDARD","false","","DISABLED"
"hzb-s3-to-gcs","seg/file2%20copy%208","4nq.upe92l2LAqaJ_R6OQaTLgov_BYFQ","true","false","19","2022-01-22T03:19:01.000Z","STANDARD","false","","DISABLED"
"hzb-s3-to-gcs","seg/file2%20copy%208","pyOf7KRdoPbG92DZbMfpO04M2qlzRWzv","false","true","","2022-01-22T03:14:59.000Z","","","","DISABLED"
"hzb-s3-to-gcs","seg/file2%20copy%209","","false","false","19","2022-01-20T14:46:31.000Z","STANDARD","false","","DISABLED"
"hzb-s3-to-gcs","seg/file2%20copy%209","U7K2nOu_KR.hDMdig9mWHPhL.XHQGEvQ","true","false","19","2022-01-22T03:19:01.000Z","STANDARD","false","","DISABLED"
"hzb-s3-to-gcs","seg/file2%20copy%209","GP_lGvl_RwlRWwmEXm86NxEGlqB1LmA7","false","true","","2022-01-22T03:14:59.000Z","","","","DISABLED"
"hzb-s3-to-gcs","small/.DS_Store","","false","false","6148","2022-01-20T14:46:31.000Z","STANDARD","false","","DISABLED"
"hzb-s3-to-gcs","small/.DS_Store","OdMSUPbVt0SkXPESvVrA8M9yl0iG17Ry","true","false","6148","2022-01-22T03:19:02.000Z","STANDARD","false","","DISABLED"
"hzb-s3-to-gcs","small/.DS_Store","Ofr3y86Y_qgxbR07fEDuce167H5DXKe5","false","true","","2022-01-22T03:14:59.000Z","","","","DISABLED"
"hzb-s3-to-gcs","small/Jun-01-2021%2010-50-10.gif","Df2ONeyCALFJ6WilPppBvUFuuEas2r8X","true","true","","2022-01-22T03:14:59.000Z","","","","DISABLED"
"hzb-s3-to-gcs","small/Jun-01-2021%2010-50-10.gif","oFqY5w4Q2VH0mNGgw3gOgwydZzn1TmIJ","false","false","31708504","2022-01-21T14:06:39.000Z","STANDARD","true","","DISABLED"
"hzb-s3-to-gcs","small/driver%20license.jpg.pdf","","false","false","157921","2022-01-20T14:46:31.000Z","STANDARD","false","","DISABLED"
"hzb-s3-to-gcs","small/driver%20license.jpg.pdf","yTToTlC2Xcsee9_NomTwefwRRb0A.L5Q","true","false","157921","2022-01-22T03:19:02.000Z","STANDARD","false","","DISABLED"
"hzb-s3-to-gcs","small/driver%20license.jpg.pdf","4HC0M3Vrc6xjDN3qWtC1WaUX.UvtjVgQ","false","true","","2022-01-22T03:14:59.000Z","","","","DISABLED"
"hzb-s3-to-gcs","small/driver-license.jpg","","false","false","153906","2022-01-20T14:46:31.000Z","STANDARD","false","","DISABLED"
"hzb-s3-to-gcs","small/driver-license.jpg","wnpDvhJiR0isqk.kxXdU0CwBcxVlHoCH","true","false","153906","2022-01-22T03:19:03.000Z","STANDARD","false","","DISABLED"
"hzb-s3-to-gcs","small/driver-license.jpg","J.54mKBammR382zJ3uhC5.93lK7H.1tk","false","true","","2022-01-22T03:14:59.000Z","","","","DISABLED"
"hzb-s3-to-gcs","small/s3_download-t.zip","BbHqfw6_83YnH13oLVe0YIfZ75vkW6OP","true","true","","2022-01-22T03:14:42.000Z","","","","DISABLED"
"hzb-s3-to-gcs","small/s3_download-t.zip","jKstn6CrAyhWnq5ffF9RuJanjEi1ZOaq","false","false","20489367","2022-01-21T15:06:26.000Z","STANDARD","true","","DISABLED"
"hzb-s3-to-gcs","small/s3_upload.zip","ht_iJ6eTM6IHQDe3rAbzUyW7A5adO1Wl","true","true","","2022-01-22T03:14:42.000Z","","","","DISABLED"
"hzb-s3-to-gcs","small/s3_upload.zip","R9E1NNByee2WKHw.ul5RbkDofMb3z6nw","false","false","19629389","2022-01-21T15:06:26.000Z","STANDARD","true","","DISABLED"
"hzb-s3-to-gcs","small/%E6%A0%B8%E9%85%B8%E6%A3%80%E6%B5%8B%E7%A1%AE%E8%AE%A4%E7%A0%81.jpeg","","false","false","48951","2022-01-20T14:46:31.000Z","STANDARD","false","","DISABLED"
"hzb-s3-to-gcs","small/%E6%A0%B8%E9%85%B8%E6%A3%80%E6%B5%8B%E7%A1%AE%E8%AE%A4%E7%A0%81.jpeg","I5S_EYZLrbupHMkMBw.KB7FVBB8EcZHJ","true","false","48951","2022-01-22T03:19:05.000Z","STANDARD","false","","DISABLED"
"hzb-s3-to-gcs","small/%E6%A0%B8%E9%85%B8%E6%A3%80%E6%B5%8B%E7%A1%AE%E8%AE%A4%E7%A0%81.jpeg","5gTidikS5cLBF.Q9vRmZYRrzGmrROuCs","false","true","","2022-01-22T03:14:59.000Z","","","","DISABLED"
"hzb-s3-to-gcs","%E6%A0%B8%E9%85%B8%E6%A3%80%E6%B5%8B%E7%A1%AE%E8%AE%A4%E7%A0%81.jpeg","mhxynHFerSA17o5Vrt11NdKBaJCDqEQv","true","true","","2022-01-22T03:15:00.000Z","","","","DISABLED"
"hzb-s3-to-gcs","%E6%A0%B8%E9%85%B8%E6%A3%80%E6%B5%8B%E7%A1%AE%E8%AE%A4%E7%A0%81.jpeg","aLbz3BhLvmHjA6IgTYxrwyH.4lL9kFHj","false","false","48951","2022-01-21T14:45:15.000Z","STANDARD","false","","DISABLED"
