"hzb-s3-to-gcs",".DS_Store","10244","2022-01-20T14:45:11.000Z","STANDARD","DISABLED"
"hzb-s3-to-gcs","Jun-01-2021%2010-50-10.gif","31708504","2022-01-20T14:45:12.000Z","STANDARD","DISABLED"
"hzb-s3-to-gcs","s3_download-t.zip","20489367","2022-01-20T14:45:11.000Z","STANDARD","DISABLED"
"hzb-s3-to-gcs","s3_upload.zip","19629389","2022-01-20T14:45:11.000Z","STANDARD","DISABLED"
"hzb-s3-to-gcs","seg/file1","19","2022-01-20T14:46:23.000Z","STANDARD","DISABLED"
"hzb-s3-to-gcs","seg/file2","19","2022-01-20T14:46:23.000Z","STANDARD","DISABLED"
"hzb-s3-to-gcs","seg/file2%20copy","19","2022-01-20T14:46:23.000Z","STANDARD","DISABLED"
"hzb-s3-to-gcs","seg/file2%20copy%2010","19","2022-01-20T14:46:24.000Z","STANDARD","DISABLED"
"hzb-s3-to-gcs","seg/file2%20copy%2011","19","2022-01-20T14:46:24.000Z","STANDARD","DISABLED"
"hzb-s3-to-gcs","seg/file2%20copy%2012","19","2022-01-20T14:46:25.000Z","STANDARD","DISABLED"
"hzb-s3-to-gcs","seg/file2%20copy%2013","19","2022-01-20T14:46:25.000Z","STANDARD","DISABLED"
"hzb-s3-to-gcs","seg/file2%20copy%2014","19","2022-01-20T14:46:25.000Z","STANDARD","DISABLED"
"hzb-s3-to-gcs","seg/file2%20copy%2015","19","2022-01-20T14:46:25.000Z","STANDARD","DISABLED"
"hzb-s3-to-gcs","seg/file2%20copy%2016","19","2022-01-20T14:46:26.000Z","STANDARD","DISABLED"
"hzb-s3-to-gcs","seg/file2%20copy%2017","19","2022-01-20T14:46:26.000Z","STANDARD","DISABLED"
"hzb-s3-to-gcs","seg/file2%20copy%2018","19","2022-01-20T14:46:26.000Z","STANDARD","DISABLED"
"hzb-s3-to-gcs","seg/file2%20copy%2019","19","2022-01-20T14:46:27.000Z","STANDARD","DISABLED"
"hzb-s3-to-gcs","seg/file2%20copy%202","19","2022-01-20T14:46:27.000Z","STANDARD","DISABLED"
"hzb-s3-to-gcs","seg/file2%20copy%2020","19","2022-01-20T14:46:27.000Z","STANDARD","DISABLED"
"hzb-s3-to-gcs","seg/file2%20copy%2021","19","2022-01-20T14:46:27.000Z","STANDARD","DISABLED"
"hzb-s3-to-gcs","seg/file2%20copy%2022","19","2022-01-20T14:46:28.000Z","STANDARD","DISABLED"
"hzb-s3-to-gcs","seg/file2%20copy%2023","19","2022-01-20T14:46:28.000Z","STANDARD","DISABLED"
"hzb-s3-to-gcs","seg/file2%20copy%2024","19","2022-01-20T14:46:28.000Z","STANDARD","DISABLED"
"hzb-s3-to-gcs","seg/file2%20copy%2025","19","2022-01-20T14:46:28.000Z","STANDARD","DISABLED"
"hzb-s3-to-gcs","seg/file2%20copy%2026","19","2022-01-20T14:46:28.000Z","STANDARD","DISABLED"
"hzb-s3-to-gcs","seg/file2%20copy%2027","19","2022-01-20T14:46:29.000Z","STANDARD","DISABLED"
"hzb-s3-to-gcs","seg/file2%20copy%2028","19","2022-01-20T14:46:29.000Z","STANDARD","DISABLED"
"hzb-s3-to-gcs","seg/file2%20copy%2029","19","2022-01-20T14:46:29.000Z","STANDARD","DISABLED"
"hzb-s3-to-gcs","seg/file2%20copy%203","19","2022-01-20T14:46:29.000Z","STANDARD","DISABLED"
"hzb-s3-to-gcs","seg/file2%20copy%2030","19","2022-01-20T14:46:30.000Z","STANDARD","DISABLED"
"hzb-s3-to-gcs","seg/file2%20copy%204","19","2022-01-20T14:46:30.000Z","STANDARD","DISABLED"
"hzb-s3-to-gcs","seg/file2%20copy%205","19","2022-01-20T14:46:30.000Z","STANDARD","DISABLED"
"hzb-s3-to-gcs","seg/file2%20copy%206","19","2022-01-20T14:46:31.000Z","STANDARD","DISABLED"
"hzb-s3-to-gcs","seg/file2%20copy%207","19","2022-01-20T14:46:31.000Z","STANDARD","DISABLED"
"hzb-s3-to-gcs","seg/file2%20copy%208","19","2022-01-20T14:46:31.000Z","STANDARD","DISABLED"
"hzb-s3-to-gcs","seg/file2%20copy%209","19","2022-01-20T14:46:31.000Z","STANDARD","DISABLED"
"hzb-s3-to-gcs","small/.DS_Store","6148","2022-01-20T14:46:31.000Z","STANDARD","DISABLED"
"hzb-s3-to-gcs","small/driver%20license.jpg.pdf","157921","2022-01-20T14:46:31.000Z","STANDARD","DISABLED"
"hzb-s3-to-gcs","small/driver-license.jpg","153906","2022-01-20T14:46:31.000Z","STANDARD","DISABLED"
"hzb-s3-to-gcs","small/%E6%A0%B8%E9%85%B8%E6%A3%80%E6%B5%8B%E7%A1%AE%E8%AE%A4%E7%A0%81.jpeg","48951","2022-01-20T14:46:31.000Z","STANDARD","DISABLED"
